Date,Open,Close,Pct Change_SP500
2009-09-21,1067.8699951171875,1064.6600341796875,-0.3005947308359125
2009-09-28,1066.3499755859375,1062.97998046875,-0.31603087113456496
2009-10-05,1063.68994140625,1040.4599609375,-2.1839052494976863
2009-10-12,1042.02001953125,1076.18994140625,3.2792001338296073
2009-10-19,1074.9599609375,1097.9100341796875,2.134970052481977
2009-10-26,1098.6400146484375,1066.949951171875,-2.884481090623958
2009-11-02,1067.5400390625,1042.8800048828125,-2.309986818044185
2009-11-09,1040.9200439453125,1093.0799560546875,5.010943195183137
2009-11-16,1091.8599853515625,1109.300048828125,1.597280210882257
2009-11-23,1109.219970703125,1106.239990234375,-0.26865550093377877
2009-11-30,1105.8299560546875,1095.6300048828125,-0.922379712724164
2009-12-07,1098.8900146484375,1103.25,0.39676266900625645
2009-12-14,1103.0400390625,1114.1099853515625,1.0035851734331525
2009-12-21,1114.1099853515625,1114.050048828125,-0.005379767188662399
2009-12-28,1114.510009765625,1127.780029296875,1.1906595198764247
2010-01-04,1128.550048828125,1132.989990234375,0.39341998264590394
2010-01-11,1132.6600341796875,1146.97998046875,1.2642757629771406
2010-01-18,1143.81005859375,1136.030029296875,-0.6801854240065075
2010-01-25,1136.030029296875,1096.780029296875,-3.455014303124815
2010-02-01,1095.800048828125,1089.18994140625,-0.6032220411875344
2010-02-08,1090.050048828125,1056.739990234375,-3.055828365822333
2010-02-15,1060.06005859375,1075.510009765625,1.457459985085241
2010-02-22,1079.1300048828125,1108.010009765625,2.6762303663263154
2010-03-01,1107.489990234375,1115.7099609375,0.742216252571759
2010-03-08,1117.010009765625,1138.5,1.923885197670172
2010-03-15,1137.56005859375,1150.510009765625,1.138397139917502
2010-03-22,1150.8299560546875,1165.81005859375,1.3016781897490448
2010-03-29,1166.469970703125,1173.219970703125,0.5786689901610798
2010-04-05,1173.75,1187.43994140625,1.1663421858360001
2010-04-12,1186.010009765625,1196.47998046875,0.8827894045509765
2010-04-19,1195.93994140625,1197.52001953125,0.1321201901779423
2010-04-26,1199.0400390625,1212.050048828125,1.085035473527407
2010-05-03,1209.9200439453125,1202.260009765625,-0.6331025110311916
2010-05-10,1197.5,1159.72998046875,-3.1540726122129437
2010-05-17,1156.3900146484375,1136.93994140625,-1.6819648211940597
2010-05-24,1138.780029296875,1073.6500244140625,-5.719278807780482
2010-05-31,1067.4200439453125,1089.4100341796875,2.060106549348406
2010-06-07,1087.300048828125,1050.469970703125,-3.3872966495950063
2010-06-14,1050.81005859375,1089.6300048828125,3.694287656611639
2010-06-21,1091.2099609375,1113.199951171875,2.0151933194856975
2010-06-28,1113.9000244140625,1074.5699462890625,-3.5308445338879113
2010-07-05,1071.0999755859375,1022.5800170898438,-4.529918737935857
2010-07-12,1028.0899658203125,1078.75,4.9275876493226844
2010-07-19,1080.6500244140625,1071.25,-0.869849090982
2010-07-26,1064.530029296875,1115.010009765625,4.741996851144936
2010-08-02,1117.3599853515625,1125.8599853515625,0.760721711125667
2010-08-09,1125.3399658203125,1127.7900390625,0.21771849544165445
2010-08-16,1122.9200439453125,1079.3800048828125,-3.8773944144344097
2010-08-23,1081.1600341796875,1067.3599853515625,-1.2764112982215026
2010-08-30,1063.199951171875,1048.9200439453125,-1.343106459967669
2010-09-06,1046.8800048828125,1104.510009765625,5.504929372422551
2010-09-13,1102.5999755859375,1121.9000244140625,1.7504125934583614
2010-09-20,1121.1600341796875,1142.7099609375,1.9221097881516824
2010-09-27,1142.8199462890625,1142.1600341796875,-0.057744188970265675
2010-10-04,1142.31005859375,1137.030029296875,-0.462223829436903
2010-10-11,1140.6800537109375,1165.3199462890625,2.1601055000448843
2010-10-18,1164.280029296875,1184.7099609375,1.7547266230240943
2010-10-25,1178.6400146484375,1185.6199951171875,0.5922063040454173
2010-11-01,1184.8800048828125,1184.3800048828125,-0.042198365905365964
2010-11-08,1187.8599853515625,1223.25,2.979308595698127
2010-11-15,1223.5899658203125,1197.75,-2.111815766892877
2010-11-22,1194.7900390625,1197.8399658203125,0.2552688470859321
2010-11-29,1192.510009765625,1187.760009765625,-0.3983195076856072
2010-12-06,1182.9599609375,1223.1199951171875,3.394876877139663
2010-12-13,1227.25,1240.4599609375,1.076387120594835
2010-12-20,1241.8399658203125,1247.0799560546875,0.42195374433078303
2010-12-27,1249.4300537109375,1257.5400390625,0.6490947874572939
2011-01-03,1259.0999755859375,1271.8699951171875,1.0142180747249485
2011-01-10,1272.949951171875,1269.75,-0.2513807529454848
2011-01-17,1272.5799560546875,1293.239990234375,1.623476315290917
2011-01-24,1293.219970703125,1290.8399658203125,-0.18403712722735444
2011-01-31,1288.1700439453125,1286.1199951171875,-0.15914427119002594
2011-02-07,1289.1400146484375,1319.050048828125,2.320154043767264
2011-02-14,1318.760009765625,1332.3199462890625,1.028233827460956
2011-02-21,1330.4300537109375,1343.010009765625,0.9455556133596499
2011-02-28,1338.9100341796875,1327.219970703125,-0.8731029851251071
2011-03-07,1328.6400146484375,1310.1300048828125,-1.3931546213834856
2011-03-14,1311.050048828125,1296.3900146484375,-1.1181902775406094
2011-03-21,1288.4599609375,1298.3800048828125,0.7699148010850587
2011-03-28,1298.2900390625,1310.18994140625,0.9165827346517164
2011-04-04,1309.3699951171875,1332.8699951171875,1.794756263518682
2011-04-11,1332.030029296875,1324.4599609375,-0.5683106381145886
2011-04-18,1321.9599609375,1305.1400146484375,-1.2723491471809956
2011-04-25,1305.989990234375,1335.25,2.240446709731203
2011-05-02,1336.75,1361.219970703125,1.8305570004208072
2011-05-09,1359.760009765625,1346.2900390625,-0.9906138293805822
2011-05-16,1348.3399658203125,1329.469970703125,-1.399498316116976
2011-05-23,1326.0999755859375,1317.3699951171875,-0.6583199328461409
2011-05-30,1317.699951171875,1331.0999755859375,1.01692531764499
2011-06-06,1331.0999755859375,1286.1700439453125,-3.3753987277212016
2011-06-13,1286.31005859375,1271.8299560546875,-1.1257085678777035
2011-06-20,1272.219970703125,1278.3599853515625,0.48262209286371593
2011-06-27,1278.4000244140625,1280.0999755859375,0.13297490139319024
2011-07-04,1280.2099609375,1339.6700439453125,4.644557129071991
2011-07-11,1339.5899658203125,1319.489990234375,-1.5004573114750897
2011-07-18,1319.6099853515625,1305.43994140625,-1.073805450292753
2011-07-25,1307.0699462890625,1337.4300537109375,2.322760729681783
2011-08-01,1337.3900146484375,1286.93994140625,-3.7722782950080136
2011-08-08,1286.56005859375,1119.4599609375,-12.988130366715689
2011-08-15,1120.22998046875,1204.489990234375,7.521670660016366
2011-08-22,1204.219970703125,1123.8199462890625,-6.676523091301845
2011-08-29,1124.3599853515625,1210.0799560546875,7.623890197081518
2011-09-05,1209.760009765625,1173.969970703125,-2.958441242361276
2011-09-12,1173.969970703125,1162.27001953125,-0.9966141778624538
2011-09-19,1162.5899658203125,1204.0899658203125,3.5696162206868776
2011-09-26,1204.5,1162.949951171875,-3.449568188304275
2011-10-03,1163.3199462890625,1099.22998046875,-5.509229513751279
2011-10-10,1097.4200439453125,1194.8900146484375,8.881737784988196
2011-10-17,1194.5999755859375,1200.8599853515625,0.5240256063586912
2011-10-24,1200.75,1254.18994140625,4.450546858734117
2011-10-31,1254.18994140625,1253.300048828125,-0.07095357319858442
2011-11-07,1251.0,1261.1199951171875,0.8089524474170773
2011-11-14,1261.1199951171875,1251.780029296875,-0.7406088125218147
2011-11-21,1251.699951171875,1192.97998046875,-4.691217783315382
2011-11-28,1192.97998046875,1192.550048828125,-0.036038462309828656
2011-12-05,1192.56005859375,1257.0799560546875,5.41020110442223
2011-12-12,1257.18994140625,1236.469970703125,-1.648117760149137
2011-12-19,1236.8299560546875,1205.3499755859375,-2.5452149112855205
2011-12-26,1205.719970703125,1265.3299560546875,4.9439328202219635
2012-01-02,1265.02001953125,1257.5999755859375,-0.58655545609958
2012-01-09,1258.8599853515625,1280.699951171875,1.734900312540577
2012-01-16,1280.77001953125,1289.0899658203125,0.6496050159034317
2012-01-23,1290.219970703125,1316.0,1.998111165712757
2012-01-30,1315.9599609375,1313.010009765625,-0.22416724364269225
2012-02-06,1313.530029296875,1344.3299560546875,2.3448209078478
2012-02-13,1344.3299560546875,1351.77001953125,0.5534402802714888
2012-02-20,1351.300048828125,1361.22998046875,0.7348428388821882
2012-02-27,1361.219970703125,1367.5899658203125,0.4679622143581419
2012-03-05,1367.56005859375,1364.3299560546875,-0.23619456555231677
2012-03-12,1363.6300048828125,1371.0899658203125,0.5470663531007558
2012-03-19,1371.9200439453125,1409.75,2.7574461224356472
2012-03-26,1409.5899658203125,1416.510009765625,0.49092602197160495
2012-04-02,1416.550048828125,1419.0400390625,0.17577848636092241
2012-04-09,1418.97998046875,1382.199951171875,-2.5920048064895895
2012-04-16,1382.1800537109375,1369.5699462890625,-0.9123346403400068
2012-04-23,1369.5699462890625,1366.93994140625,-0.1920314394995737
2012-04-30,1366.969970703125,1397.9100341796875,2.2634047667227097
2012-05-07,1397.8599853515625,1369.5799560546875,-2.0230945583410875
2012-05-14,1369.1600341796875,1338.3499755859375,-2.250289069546896
2012-05-21,1338.3599853515625,1315.989990234375,-1.6714482920909601
2012-05-28,1316.0899658203125,1317.8199462890625,0.1314484962030571
2012-06-04,1318.9000244140625,1278.1800537109375,-3.087419057499474
2012-06-11,1277.8199462890625,1308.9300537109375,2.4346237130060677
2012-06-18,1309.4000244140625,1344.780029296875,2.7020012389754156
2012-06-25,1344.8299560546875,1313.719970703125,-2.313302526575889
2012-07-02,1314.0899658203125,1365.510009765625,3.9129774431550413
2012-07-09,1365.75,1352.4599609375,-0.9730945680029301
2012-07-16,1352.9599609375,1353.6400146484375,0.05026414162812021
2012-07-23,1353.6800537109375,1350.52001953125,-0.2334402557697901
2012-07-30,1350.52001953125,1385.300048828125,2.575306459281279
2012-08-06,1385.27001953125,1394.22998046875,0.6468024869643818
2012-08-13,1394.4599609375,1404.1099853515625,0.692025922893813
2012-08-20,1404.3599853515625,1418.1300048828125,0.9805192169301868
2012-08-27,1418.1300048828125,1410.43994140625,-0.542267877421998
2012-09-03,1410.43994140625,1406.5799560546875,-0.2736724363969767
2012-09-10,1406.5400390625,1429.0799560546875,1.6025080243866396
2012-09-17,1429.1300048828125,1461.18994140625,2.243318411474138
2012-09-24,1461.18994140625,1456.8900146484375,-0.29427568832524065
2012-10-01,1456.93994140625,1444.489990234375,-0.8545274117379376
2012-10-08,1444.989990234375,1455.8800048828125,0.7536394523169676
2012-10-15,1455.9000244140625,1440.1300048828125,-1.083180113112281
2012-10-22,1440.31005859375,1433.8199462890625,-0.4506052197555399
2012-10-29,1433.739990234375,1411.93994140625,-1.5205022512179034
2012-11-05,1410.989990234375,1417.260009765625,0.44437023470369486
2012-11-12,1417.260009765625,1380.030029296875,-2.6268983963575465
2012-11-19,1380.030029296875,1386.8900146484375,0.49708957094634076
2012-11-26,1386.8199462890625,1406.2900390625,1.4039380400849177
2012-12-03,1406.2900390625,1409.4599609375,0.22541024873596882
2012-12-10,1409.4599609375,1418.550048828125,0.6449340983463392
2012-12-17,1418.550048828125,1430.3599853515625,0.8325357665874167
2012-12-24,1430.469970703125,1426.6600341796875,-0.26634159412411984
2012-12-31,1426.6600341796875,1426.18994140625,-0.03295058122994021
2013-01-07,1426.18994140625,1461.8900146484375,2.503178027394193
2013-01-14,1461.8900146484375,1470.6800537109375,0.601279095856877
2013-01-21,1470.6700439453125,1485.97998046875,1.0410177718970903
2013-01-28,1485.97998046875,1500.1800537109375,0.9556032671253156
2013-02-04,1500.1800537109375,1495.7099609375,-0.29797041777618327
2013-02-11,1495.7099609375,1517.010009765625,1.424076150082887
2013-02-18,1517.010009765625,1519.7900390625,0.1832571491934054
2013-02-25,1519.7900390625,1487.8499755859375,-2.1016102656038704
2013-03-04,1487.8499755859375,1525.199951171875,2.510332103290769
2013-03-11,1525.199951171875,1556.219970703125,2.033832974320249
2013-03-18,1556.219970703125,1552.0999755859375,-0.26474375054613697
2013-03-25,1552.0999755859375,1551.68994140625,-0.026418026295804697
2013-04-01,1551.68994140625,1562.1700439453125,0.6753992701379996
2013-04-08,1562.1700439453125,1563.0699462890625,0.05760591474903709
2013-04-15,1563.1099853515625,1552.3599853515625,-0.6877315160636166
2013-04-22,1552.3599853515625,1562.5,0.6531999500194008
2013-04-29,1562.5,1593.6099853515625,1.9910390624999996
2013-05-06,1593.5799560546875,1617.5,1.5010256532425714
2013-05-13,1617.550048828125,1633.77001953125,1.002749232697675
2013-05-20,1633.75,1666.2900390625,1.9917391928079509
2013-05-27,1666.199951171875,1649.5999755859375,-0.9962775220502373
2013-06-03,1652.6300048828125,1640.4200439453125,-0.7388199960925768
2013-06-10,1640.72998046875,1642.81005859375,0.12677760202843835
2013-06-17,1638.6400146484375,1639.0400390625,0.024411976424754123
2013-06-24,1639.77001953125,1573.0899658203125,-4.066427176781707
2013-07-01,1577.52001953125,1614.9599609375,2.3733417606564
2013-07-08,1614.2900390625,1640.4599609375,1.6211412597328723
2013-07-15,1642.8900146484375,1682.5,2.4109943452324645
2013-07-22,1682.699951171875,1695.530029296875,0.7624697508349598
2013-07-29,1696.6300048828125,1685.3299560546875,-0.6660290573433203
2013-08-05,1687.9200439453125,1707.1400146484375,1.1386777929480951
2013-08-12,1705.7900390625,1689.469970703125,-0.9567454367563566
2013-08-19,1690.6500244140625,1646.06005859375,-2.6374450759415025
2013-08-26,1646.81005859375,1656.780029296875,0.6054110886132502
2013-09-02,1652.5400390625,1632.969970703125,-1.1842417065112243
2013-09-09,1635.949951171875,1671.7099609375,2.1858865388888704
2013-09-16,1675.1099853515625,1697.5999755859375,1.342597825279812
2013-09-23,1697.72998046875,1701.8399658203125,0.24208710447746196
2013-09-30,1702.5999755859375,1681.550048828125,-1.2363401303684518
2013-10-07,1682.4100341796875,1676.1199951171875,-0.373870752950356
2013-10-14,1676.219970703125,1710.1400146484375,2.0236033777287554
2013-10-21,1709.1700439453125,1744.6600341796875,2.0764458375629236
2013-10-28,1746.47998046875,1762.1099853515625,0.8949432605930951
2013-11-04,1762.9300537109375,1767.9300537109375,0.2836187396927592
2013-11-11,1765.6700439453125,1771.8900146484375,0.3522725395072479
2013-11-18,1769.510009765625,1791.530029296875,1.2444133918274147
2013-11-25,1790.7900390625,1802.47998046875,0.6527812390764609
2013-12-02,1802.8699951171875,1800.9000244140625,-0.10926859443334269
2013-12-09,1800.0999755859375,1808.3699951171875,0.45942001241114916
2013-12-16,1807.5999755859375,1786.5400390625,-1.1650772741690796
2013-12-23,1786.469970703125,1827.989990234375,2.3241375568663125
2013-12-30,1828.02001953125,1841.0699462890625,0.7138831423278758
2014-01-06,1842.6099853515625,1826.77001953125,-0.8596483220126627
2014-01-13,1828.7099609375,1819.199951171875,-0.5200392609416071
2014-01-20,1821.3599853515625,1838.699951171875,0.9520339724036209
2014-01-27,1841.050048828125,1781.56005859375,-3.231307604714051
2014-02-03,1783.0,1741.8900146484375,-2.3056637886462394
2014-02-10,1743.8199462890625,1799.8399658203125,3.212488746356157
2014-02-17,1800.449951171875,1838.6300048828125,2.120584006574955
2014-02-24,1839.030029296875,1847.6099853515625,0.4665479039495546
2014-03-03,1847.6600341796875,1845.72998046875,-0.10445935265328554
2014-03-10,1849.22998046875,1877.1700439453125,1.510902579541784
2014-03-17,1878.260009765625,1858.8299560546875,-1.0344709257459006
2014-03-24,1858.9200439453125,1857.43994140625,-0.07962163536207045
2014-03-31,1859.47998046875,1872.3399658203125,0.6915904170326614
2014-04-07,1873.9599609375,1845.0400390625,-1.5432518558471275
2014-04-14,1845.47998046875,1830.6099853515625,-0.8057521769166298
2014-04-21,1831.449951171875,1871.8900146484375,2.208090013635733
2014-04-28,1872.5699462890625,1869.4300537109375,-0.16767825331958086
2014-05-05,1870.780029296875,1884.6600341796875,0.7419367678427324
2014-05-12,1883.68994140625,1896.6500244140625,0.6880157250368502
2014-05-19,1896.75,1885.0799560546875,-0.6152652666567837
2014-05-26,1884.8800048828125,1900.530029296875,0.8302928766563911
2014-06-02,1902.010009765625,1924.969970703125,1.2071419613784995
2014-06-09,1923.0699462890625,1951.27001953125,1.4664091286229697
2014-06-16,1950.3399658203125,1937.780029296875,-0.6439870352630939
2014-06-23,1937.1500244140625,1962.6099853515625,1.3142999053571414
2014-06-30,1961.969970703125,1960.22998046875,-0.08868587492965041
2014-07-07,1962.2900390625,1977.6500244140625,0.7827581573466524
2014-07-14,1976.3900146484375,1977.0999755859375,0.03592210708605048
2014-07-21,1977.3599853515625,1973.6300048828125,-0.18863436584041215
2014-07-28,1975.6500244140625,1978.9100341796875,0.16500947664512822
2014-08-04,1980.030029296875,1938.989990234375,-2.0726978104000593
2014-08-11,1936.3399658203125,1936.9200439453125,0.02995745247422743
2014-08-18,1935.72998046875,1971.739990234375,1.8602806243102732
2014-08-25,1972.72998046875,1997.9200439453125,1.2769139074257474
2014-09-01,1998.5899658203125,2003.3699951171875,0.23917008384024552
2014-09-08,2004.0699462890625,2001.5400390625,-0.12623846943302652
2014-09-15,2000.72998046875,1984.1300048828125,-0.8296959483782174
2014-09-22,1981.9300537109375,1994.2900390625,0.6236337820509696
2014-09-29,1992.780029296875,1977.800048828125,-0.7517126952559572
2014-10-06,1978.2099609375,1964.8199462890625,-0.676875302058022
2014-10-13,1962.3599853515625,1874.739990234375,-4.465031684871523
2014-10-20,1877.1099853515625,1904.010009765625,1.4330553150312397
2014-10-27,1909.3800048828125,1961.6300048828125,2.736490372077971
2014-11-03,1964.1400146484375,2017.81005859375,2.732495827438197
2014-11-10,2015.81005859375,2038.260009765625,1.113693776661484
2014-11-17,2038.199951171875,2041.3199462890625,0.1530760078467086
2014-11-24,2041.47998046875,2069.409912109375,1.3681217502907739
2014-12-01,2070.14990234375,2053.43994140625,-0.8071860360731153
2014-12-08,2053.77001953125,2060.31005859375,0.3184406725341482
2014-12-15,2056.550048828125,1989.6300048828125,-3.253995397945475
2014-12-22,1986.7099609375,2078.5400390625,4.622218639386433
2014-12-29,2081.47998046875,2090.570068359375,0.43671272248209103
2015-01-05,2088.489990234375,2020.5799560546875,-3.2516332133373793
2015-01-12,2022.1500244140625,2028.260009765625,0.30215292029744933
2015-01-19,2031.5799560546875,2019.4200439453125,-0.5985445993959004
2015-01-26,2020.760009765625,2057.090087890625,1.797842294455032
2015-02-02,2047.8599853515625,2020.8499755859375,-1.3189383043190839
2015-02-09,2022.7099609375,2046.739990234375,1.1880116161457677
2015-02-16,2049.3798828125,2096.989990234375,2.3231470075980587
2015-02-23,2096.469970703125,2109.659912109375,0.6291500279312912
2015-03-02,2109.10009765625,2117.389892578125,0.39304890892031263
2015-03-09,2115.760009765625,2079.429931640625,-1.7171171568284072
2015-03-16,2076.139892578125,2081.18994140625,0.24324222303988563
2015-03-23,2080.590087890625,2104.419921875,1.1453401668626961
2015-03-30,2103.93994140625,2086.239990234375,-0.8412764463250122
2015-04-06,2084.050048828125,2080.6201171875,-0.16458009933848494
2015-04-13,2080.7900390625,2092.429931640625,0.559397746029644
2015-04-20,2092.280029296875,2100.39990234375,0.388087298696993
2015-04-27,2102.820068359375,2108.919921875,0.29007967003016333
2015-05-04,2108.35009765625,2114.489990234375,0.2912178857273462
2015-05-11,2112.6298828125,2105.330078125,-0.34553164029763606
2015-05-18,2102.8701171875,2129.199951171875,1.2520903582761367
2015-05-25,2129.449951171875,2126.06005859375,-0.15919099560238736
2015-06-01,2125.340087890625,2111.72998046875,-0.6403731571911764
2015-06-08,2110.409912109375,2079.280029296875,-1.4750633340887442
2015-06-15,2079.070068359375,2084.429931640625,0.25780099299297365
2015-06-22,2084.260009765625,2122.85009765625,1.8515006625763775
2015-06-29,2123.159912109375,2057.639892578125,-3.0859672489838674
2015-07-06,2061.18994140625,2068.760009765625,0.36726689798467493
2015-07-13,2069.52001953125,2099.60009765625,1.4534808961071732
2015-07-20,2099.719970703125,2128.280029296875,1.360184167043288
2015-07-27,2127.550048828125,2067.639892578125,-2.815922299125184
2015-08-03,2070.75,2098.0400390625,1.3178818815646531
2015-08-10,2097.679931640625,2104.179931640625,0.30986614792640754
2015-08-17,2102.659912109375,2102.43994140625,-0.010461544535000922
2015-08-24,2101.989990234375,1893.2099609375,-9.932493982694734
2015-08-31,1898.0799560546875,1972.1800537109375,3.9039502745855437
2015-09-07,1970.0899658203125,1921.219970703125,-2.4805971283062167
2015-09-14,1927.300048828125,1953.030029296875,1.3350272306792421
2015-09-21,1955.0999755859375,1966.969970703125,0.607129827907138
2015-09-28,1961.3900146484375,1881.77001953125,-4.059365782560009
2015-10-05,1881.9000244140625,1987.050048828125,5.5874394521463255
2015-10-12,1986.6300048828125,2017.4599609375,1.5518720636914063
2015-10-19,2015.0,2033.6600341796875,0.9260562868331323
2015-10-26,2033.1300048828125,2071.179931640625,1.8714950183426948
2015-11-02,2068.75,2104.050048828125,1.7063467711480262
2015-11-09,2102.6298828125,2078.580078125,-1.1437963896589687
2015-11-16,2077.18994140625,2053.18994140625,-1.155407096943295
2015-11-23,2053.669921875,2086.590087890625,1.6029920711683188
2015-11-30,2084.419921875,2080.409912109375,-0.19238013048819003
2015-12-07,2082.929931640625,2077.070068359375,-0.2813279118147993
2015-12-14,2073.389892578125,2021.93994140625,-2.4814412067910796
2015-12-21,2025.550048828125,2021.1500244140625,-0.2172261513166851
2015-12-28,2023.1500244140625,2056.5,1.6484183171535216
2016-01-04,2060.5400390625,2012.6600341796875,-2.3236629221044858
2016-01-11,2013.780029296875,1923.6700439453125,-4.474668734450848
2016-01-18,1927.8299560546875,1880.3299560546875,-2.463910255716173
2016-01-25,1888.6600341796875,1877.0799560546875,-0.6131372462715112
2016-02-01,1878.7900390625,1939.3800048828125,3.2249460855427126
2016-02-08,1935.260009765625,1853.43994140625,-4.227859199616491
2016-02-15,1848.4599609375,1864.780029296875,0.882900831192357
2016-02-22,1871.43994140625,1945.5,3.957383667792147
2016-02-29,1942.3800048828125,1932.22998046875,-0.5225560595015888
2016-03-07,1937.0899658203125,2001.760009765625,3.338515251558083
2016-03-14,1996.8800048828125,2019.6400146484375,1.1397785400210303
2016-03-21,2015.27001953125,2051.60009765625,1.8027399689819479
2016-03-28,2048.639892578125,2037.050048828125,-0.5657335772864758
2016-04-04,2035.75,2066.1298828125,1.4923189395800174
2016-04-11,2062.5,2041.989990234375,-0.9944247159090924
2016-04-18,2043.719970703125,2094.340087890625,2.4768616989187864
2016-04-25,2096.050048828125,2087.7900390625,-0.39407502555786067
2016-05-02,2089.840087890625,2081.429931640625,-0.40243061173588224
2016-05-09,2077.179931640625,2058.68994140625,-0.890148703669158
2016-05-16,2062.6298828125,2066.659912109375,0.19538305589656968
2016-05-23,2065.0400390625,2048.0400390625,-0.8232285901690228
2016-05-30,2052.64990234375,2099.06005859375,2.26098742883567
2016-06-06,2100.1298828125,2109.409912109375,0.44187882724886496
2016-06-13,2110.179931640625,2079.06005859375,-1.474749739595893
2016-06-20,2076.64990234375,2083.25,0.3178242826969102
2016-06-27,2085.18994140625,2000.5400390625,-4.0595775311798254
2016-07-04,2006.6700439453125,2102.949951171875,4.7979939460932375
2016-07-11,2095.050048828125,2137.159912109375,2.009969322919236
2016-07-18,2139.5,2166.889892578125,1.280200634640094
2016-07-25,2163.7900390625,2168.47998046875,0.2167466030244869
2016-08-01,2168.969970703125,2170.840087890625,0.0862214421020191
2016-08-08,2169.93994140625,2180.889892578125,0.5046200110395027
2016-08-15,2182.239990234375,2190.14990234375,0.36246756290656545
2016-08-22,2186.239990234375,2182.639892578125,-0.16467074394078685
2016-08-29,2187.81005859375,2180.3798828125,-0.3396170408881738
2016-09-05,2179.449951171875,2179.97998046875,0.024319406673689592
2016-09-12,2181.610107421875,2159.0400390625,-1.0345601298138107
2016-09-19,2150.469970703125,2139.1201171875,-0.5277847944983871
2016-09-26,2145.93994140625,2146.10009765625,0.007463221449488522
2016-10-03,2146.0400390625,2161.199951171875,0.7064132930156175
2016-10-10,2163.3701171875,2163.659912109375,0.013395531331994448
2016-10-17,2161.35009765625,2126.5,-1.6124226100177497
2016-10-24,2138.31005859375,2151.330078125,0.6088929656820952
2016-10-31,2149.719970703125,2126.14990234375,-1.0964250544532872
2016-11-07,2128.679931640625,2131.52001953125,0.13342014684358805
2016-11-14,2129.919921875,2164.199951171875,1.609451554718433
2016-11-21,2168.2900390625,2198.179931640625,1.3785006636403807
2016-11-28,2201.56005859375,2201.719970703125,0.007263581511240957
2016-12-05,2200.760009765625,2204.7099609375,0.1794812316812111
2016-12-12,2207.260009765625,2256.9599609375,2.251658207550822
2016-12-19,2263.320068359375,2262.530029296875,-0.03490620144912526
2016-12-26,2266.5,2263.7900390625,-0.11956589179351607
2017-01-02,2266.22998046875,2238.830078125,-1.2090521518068775
2017-01-09,2251.570068359375,2268.89990234375,0.7696777563312773
2017-01-16,2269.719970703125,2274.639892578125,0.21676338660736594
2017-01-23,2269.139892578125,2265.199951171875,-0.1736314900256608
2017-01-30,2267.8798828125,2280.89990234375,0.5741053408482744
2017-02-06,2274.02001953125,2292.56005859375,0.8152979702580554
2017-02-13,2295.8701171875,2328.25,1.410353424180899
2017-02-20,2326.1201171875,2351.159912109375,1.0764618188398023
2017-02-27,2354.909912109375,2369.75,0.630176458739018
2017-03-06,2366.080078125,2375.31005859375,0.3900958616778638
2017-03-13,2370.739990234375,2373.469970703125,0.11515309481409108
2017-03-20,2368.550048828125,2373.469970703125,0.20771872130944669
2017-03-27,2379.320068359375,2341.590087890625,-1.585746321837489
2017-04-03,2339.7900390625,2358.840087890625,0.8141777044130771
2017-04-10,2354.760009765625,2357.159912109375,0.10191706729336669
2017-04-17,2353.919921875,2349.010009765625,-0.20858450042191556
2017-04-24,2342.530029296875,2374.14990234375,1.3498171913026047
2017-05-01,2381.510009765625,2388.330078125,0.2863758007066286
2017-05-08,2391.050048828125,2399.3798828125,0.34837555945168575
2017-05-15,2401.580078125,2402.320068359375,0.03081264044098031
2017-05-22,2404.550048828125,2394.02001953125,-0.437920986589857
2017-05-29,2397.0400390625,2415.820068359375,0.7834674845156098
2017-06-05,2411.669921875,2436.10009765625,1.0129983195318992
2017-06-12,2431.919921875,2429.389892578125,-0.10403423542516554
2017-06-19,2434.14990234375,2453.4599609375,0.7932978398395685
2017-06-26,2450.659912109375,2439.070068359375,-0.47292746303685407
2017-07-03,2436.340087890625,2429.010009765625,-0.30086432355781456
2017-07-10,2430.780029296875,2427.429931640625,-0.13781986094476562
2017-07-17,2427.35009765625,2459.139892578125,1.3096501799460203
2017-07-24,2455.8798828125,2469.909912109375,0.5712832046495642
2017-07-31,2477.8798828125,2470.300048828125,-0.3058999767079684
2017-08-07,2477.10009765625,2480.909912109375,0.15380139287588523
2017-08-14,2478.35009765625,2465.840087890625,-0.5047716937754521
2017-08-21,2468.659912109375,2428.3701171875,-1.6320512487055794
2017-08-28,2433.75,2444.239990234375,0.4310216840010206
2017-09-04,2431.93994140625,2476.550048828125,1.8343424795301377
2017-09-11,2470.35009765625,2488.110107421875,0.71892683480268
2017-09-18,2491.93994140625,2503.8701171875,0.478750534192951
2017-09-25,2506.2900390625,2496.659912109375,-0.38423832848680783
2017-10-02,2501.0400390625,2529.1201171875,1.122736049260764
2017-10-09,2530.340087890625,2544.72998046875,0.5686940125950057
2017-10-16,2549.989990234375,2557.639892578125,0.2999973479522078
2017-10-23,2557.169921875,2564.97998046875,0.30541805325252636
2017-10-30,2568.659912109375,2572.830078125,0.16234792297593614
2017-11-06,2575.989990234375,2591.1298828125,0.5877310329434726
2017-11-13,2592.110107421875,2584.840087890625,-0.28046723441392807
2017-11-20,2577.75,2582.139892578125,0.1702993920327911
2017-11-27,2589.169921875,2601.419921875,0.4731246063266914
2017-12-04,2605.93994140625,2639.43994140625,1.2855246380667706
2017-12-11,2639.780029296875,2659.989990234375,0.7655926142786651
2017-12-18,2661.72998046875,2690.159912109375,1.0680997640346135
2017-12-25,2692.7099609375,2683.340087890625,-0.34797186413693115
2018-01-01,2679.090087890625,2673.610107421875,-0.20454633061871563
2018-01-08,2683.72998046875,2747.7099609375,2.383994698959069
2018-01-15,2751.14990234375,2786.239990234375,1.2754698630100592
2018-01-22,2798.9599609375,2832.969970703125,1.2150945436973482
2018-01-29,2835.050048828125,2853.530029296875,0.6518396554018091
2018-02-05,2832.739990234375,2648.93994140625,-6.488419320578654
2018-02-12,2614.780029296875,2656.0,1.576422117397347
2018-02-19,2646.27001953125,2732.219970703125,3.247966025292448
2018-02-26,2722.989990234375,2779.60009765625,2.0789686199691904
2018-03-05,2780.449951171875,2720.93994140625,-2.1403014192196923
2018-03-12,2730.179931640625,2783.02001953125,1.9354067941914854
2018-03-19,2792.31005859375,2712.919921875,-2.843170530952144
2018-03-26,2715.050048828125,2658.550048828125,-2.080992946129545
2018-04-02,2667.570068359375,2581.8798828125,-3.212293711166758
2018-04-09,2592.169921875,2613.159912109375,0.8097459220262948
2018-04-16,2638.409912109375,2677.840087890625,1.4944673911464479
2018-04-23,2692.739990234375,2670.2900390625,-0.8337214604192456
2018-04-30,2680.800048828125,2648.050048828125,-1.2216502314044697
2018-05-07,2642.9599609375,2672.6298828125,1.1226020187031338
2018-05-14,2670.260009765625,2730.1298828125,2.2420990026409404
2018-05-21,2718.590087890625,2733.010009765625,0.5304191293579175
2018-05-28,2738.340087890625,2721.330078125,-0.6211795912730467
2018-06-04,2705.110107421875,2746.8701171875,1.543745286043996
2018-06-11,2748.4599609375,2782.0,1.2203211812865433
2018-06-18,2785.60009765625,2773.75,-0.4254055586162764
2018-06-25,2752.010009765625,2717.070068359375,-1.2696153459567427
2018-07-02,2722.1201171875,2726.7099609375,0.16861282942730593
2018-07-09,2733.27001953125,2784.169921875,1.8622346851951077
2018-07-16,2788.56005859375,2798.429931640625,0.3539415626519604
2018-07-23,2789.340087890625,2806.97998046875,0.6324037952455175
2018-07-30,2820.679931640625,2802.60009765625,-0.6409743190486372
2018-08-06,2809.72998046875,2850.39990234375,1.447467271150904
2018-08-13,2855.919921875,2821.929931640625,-1.1901590788322758
2018-08-20,2827.8798828125,2857.050048828125,1.0315206877391736
2018-08-27,2861.510009765625,2896.739990234375,1.2311674727161215
2018-09-03,2901.449951171875,2901.52001953125,0.002414942892481342
2018-09-10,2896.9599609375,2877.1298828125,-0.6845133654723612
2018-09-17,2871.570068359375,2888.800048828125,0.6000195035670508
2018-09-24,2890.739990234375,2919.3701171875,0.9904082362939715
2018-10-01,2921.75,2924.590087890625,0.09720502748780113
2018-10-08,2923.800048828125,2884.429931640625,-1.3465393163010542
2018-10-15,2882.510009765625,2750.7900390625,-4.569627521044939
2018-10-22,2767.050048828125,2755.8798828125,-0.4036850009401016
2018-10-29,2721.030029296875,2641.25,-2.931979009341934
2018-11-05,2640.679931640625,2738.31005859375,3.69715866672522
2018-11-12,2738.39990234375,2726.219970703125,-0.4447827956099659
2018-11-19,2730.050048828125,2690.72998046875,-1.4402691399834633
2018-11-26,2654.60009765625,2673.449951171875,0.7100826046178232
2018-12-03,2663.75,2790.3701171875,4.7534534842796905
2018-12-10,2782.429931640625,2637.719970703125,-5.200848340938224
2018-12-17,2664.43994140625,2545.93994140625,-4.447463729937084
2018-12-24,2559.89990234375,2351.10009765625,-8.156561297429265
2018-12-31,2363.1201171875,2506.85009765625,6.082212216948668
2019-01-07,2476.9599609375,2549.68994140625,2.936259835270927
2019-01-14,2568.110107421875,2582.610107421875,0.5646175355992211
2019-01-21,2585.10009765625,2670.7099609375,3.3116653145797814
2019-01-28,2657.8798828125,2643.85009765625,-0.5278562529095199
2019-02-04,2644.889892578125,2724.8701171875,3.0239529000359866
2019-02-11,2728.340087890625,2709.800048828125,-0.679535485505911
2019-02-18,2722.610107421875,2775.60009765625,1.9462937454732598
2019-02-25,2769.280029296875,2796.110107421875,0.9688466981005339
2019-03-04,2792.360107421875,2792.81005859375,0.016113651340288193
2019-03-11,2794.409912109375,2783.300048828125,-0.3975745731900737
2019-03-18,2787.340087890625,2832.93994140625,1.6359630356457044
2019-03-25,2840.760009765625,2798.360107421875,-1.4925548866497884
2019-04-01,2812.659912109375,2867.18994140625,1.9387352542021175
2019-04-08,2868.239990234375,2895.77001953125,0.9598230758446791
2019-04-15,2886.580078125,2905.580078125,0.6582183582567236
2019-04-22,2912.260009765625,2907.969970703125,-0.1473096168650545
2019-04-29,2909.989990234375,2943.030029296875,1.1354004368873793
2019-05-06,2937.139892578125,2932.469970703125,-0.15899555505682894
2019-05-13,2913.030029296875,2811.8701171875,-3.472669731928313
2019-05-20,2820.1201171875,2840.22998046875,0.7130853455031394
2019-05-27,2854.02001953125,2826.06005859375,-0.9796694047749632
2019-06-03,2830.030029296875,2744.449951171875,-3.02399894132086
2019-06-10,2762.639892578125,2886.72998046875,4.4917214228316515
2019-06-17,2903.27001953125,2889.669921875,-0.4684406743002745
2019-06-24,2906.7099609375,2945.35009765625,1.3293427014743342
2019-07-01,2945.780029296875,2964.330078125,0.6297160223654785
2019-07-08,2964.659912109375,2975.949951171875,0.3808207145914011
2019-07-15,2965.52001953125,3014.300048828125,1.6449064236830013
2019-07-22,3012.1298828125,2985.030029296875,-0.8996907361219497
2019-07-29,2994.739990234375,3020.969970703125,0.8758683743591789
2019-08-05,3007.659912109375,2844.739990234375,-5.41683324032266
2019-08-12,2861.179931640625,2882.699951171875,0.7521379306931752
2019-08-19,2880.719970703125,2923.64990234375,1.490250079050437
2019-08-26,2919.010009765625,2878.3798828125,-1.3919146154756534
2019-09-02,2893.139892578125,2926.4599609375,1.1516922650319117
2019-09-09,2909.010009765625,2978.429931640625,2.386376177529659
2019-09-16,2971.010009765625,2997.9599609375,0.907097286218872
2019-09-23,2995.669921875,2991.780029296875,-0.12985050688395505
2019-09-30,3002.429931640625,2976.739990234375,-0.8556383326558503
2019-10-07,2983.68994140625,2938.7900390625,-1.5048447803054255
2019-10-14,2920.39990234375,2966.14990234375,1.5665662761898957
2019-10-21,2973.610107421875,3006.719970703125,1.1134567776256432
2019-10-28,3010.72998046875,3039.419921875,0.9529230981312864
2019-11-04,3035.389892578125,3078.27001953125,1.412672785725877
2019-11-11,3080.800048828125,3087.010009765625,0.2015697493857882
2019-11-18,3089.280029296875,3122.030029296875,1.0601175577940047
2019-11-25,3127.449951171875,3133.639892578125,0.19792295649465608
2019-12-02,3134.85009765625,3113.8701171875,-0.6692498784690026
2019-12-09,3087.409912109375,3135.9599609375,1.5725171004246308
2019-12-16,3135.360107421875,3191.449951171875,1.7889442305917935
2019-12-23,3195.39990234375,3224.010009765625,0.8953529541291472
2019-12-30,3225.449951171875,3221.2900390625,-0.128971528696753
2020-01-06,3215.179931640625,3246.280029296875,0.9672894928894449
2020-01-13,3241.860107421875,3288.1298828125,1.427260087031379
2020-01-20,3285.35009765625,3329.6201171875,1.34749777695935
2020-01-27,3321.030029296875,3243.6298828125,-2.3306066431673322
2020-02-03,3255.35009765625,3248.919921875,-0.19752639772537828
2020-02-10,3280.610107421875,3352.090087890625,2.1788624105936183
2020-02-17,3365.8701171875,3380.159912109375,0.4245498021122618
2020-02-24,3369.0400390625,3225.889892578125,-4.24898917272023
2020-03-02,3238.93994140625,3090.22998046875,-4.591315789354667
2020-03-09,3096.4599609375,2746.56005859375,-11.299997634647685
2020-03-16,2813.47998046875,2386.1298828125,-15.189377590134823
2020-03-23,2425.659912109375,2237.39990234375,-7.761187329921793
2020-03-30,2344.43994140625,2626.64990234375,12.037414819345882
2020-04-06,2614.68994140625,2663.679931640625,1.8736443453033935
2020-04-13,2738.64990234375,2761.6298828125,0.839098873101074
2020-04-20,2805.10009765625,2823.159912109375,0.6438206774943556
2020-04-27,2784.81005859375,2878.47998046875,3.36360182217601
2020-05-04,2909.9599609375,2842.739990234375,-2.309996412509707
2020-05-11,2868.8798828125,2930.18994140625,2.1370730423765583
2020-05-18,2939.5,2953.909912109375,0.4902164350867544
2020-05-25,2948.590087890625,2955.449951171875,0.23264892971803786
2020-06-01,3004.080078125,3055.72998046875,1.7193250845692232
2020-06-08,3064.780029296875,3232.389892578125,5.468903532359004
2020-06-15,3213.320068359375,3066.590087890625,-4.5663045494147125
2020-06-22,3131.0,3117.860107421875,-0.4196707945744116
2020-06-29,3138.699951171875,3053.239990234375,-2.7227821157480347
2020-07-06,3050.199951171875,3179.719970703125,4.246279640831041
2020-07-13,3166.43994140625,3155.219970703125,-0.35434023416663907
2020-07-20,3141.110107421875,3251.840087890625,3.5251862138520718
2020-07-27,3268.52001953125,3239.409912109375,-0.8906204412983731
2020-08-03,3234.27001953125,3294.610107421875,1.8656478131461096
2020-08-10,3289.919921875,3360.469970703125,2.1444305789642737
2020-08-17,3370.340087890625,3381.989990234375,0.3456595488867009
2020-08-24,3387.0400390625,3431.280029296875,1.3061549235957814
2020-08-31,3435.949951171875,3500.31005859375,1.8731386759555102
2020-09-07,3507.43994140625,3426.9599609375,-2.2945504930437344
2020-09-14,3371.8798828125,3383.5400390625,0.34580580137018035
2020-09-21,3407.72998046875,3281.06005859375,-3.717134943232092
2020-09-28,3295.75,3351.60009765625,1.694609653531054
2020-10-05,3350.919921875,3408.60009765625,1.721323610412484
2020-10-12,3408.739990234375,3534.219970703125,3.681125014763076
2020-10-19,3534.010009765625,3426.919921875,-3.030271210174851
2020-10-26,3439.3798828125,3400.969970703125,-1.1167685285745743
2020-11-02,3403.14990234375,3310.239990234375,-2.730115180803172
2020-11-09,3336.25,3550.5,6.421880854252526
2020-11-16,3543.260009765625,3626.909912109375,2.360817498947343
2020-11-23,3610.31005859375,3577.590087890625,-0.9062925392028465
2020-11-30,3594.52001953125,3621.6298828125,0.7541998134367178
2020-12-07,3645.8701171875,3691.9599609375,1.2641658168984549
2020-12-14,3683.050048828125,3647.489990234375,-0.9655057119048571
2020-12-21,3666.409912109375,3694.919921875,0.7776001715319003
2020-12-28,3698.080078125,3735.360107421875,1.0080914558177057
2021-01-04,3750.010009765625,3700.64990234375,-1.3162660177795105
2021-01-11,3698.02001953125,3799.610107421875,2.7471481320834545
2021-01-18,3801.6201171875,3768.25,-0.8777867372026571
2021-01-25,3781.8798828125,3855.360107421875,1.9429550087859848
2021-02-01,3862.9599609375,3773.860107421875,-2.3065176552852895
2021-02-08,3791.840087890625,3915.590087890625,3.263586995538126
2021-02-15,3910.489990234375,3934.830078125,0.6224306404417179
2021-02-22,3939.610107421875,3876.5,-1.6019378999708955
2021-03-01,3857.070068359375,3901.820068359375,1.160207079645681
2021-03-08,3903.639892578125,3821.35009765625,-2.1080273074965294
2021-03-15,3851.929931640625,3968.93994140625,3.0376982926007656
2021-03-22,3973.590087890625,3940.590087890625,-0.830483247392988
2021-03-29,3937.60009765625,3971.090087890625,0.8505178129772251
2021-04-05,3963.340087890625,4077.909912109375,2.8907391664116933
2021-04-12,4075.570068359375,4127.990234375,1.2862045097098873
2021-04-19,4130.10009765625,4163.259765625,0.8028780703781768
2021-04-26,4159.18017578125,4187.6201171875,0.6837871937324325
2021-05-03,4188.25,4192.66015625,0.1052983047812317
2021-05-10,4179.0400390625,4188.43017578125,0.2246960218370342
2021-05-17,4150.33984375,4163.2900390625,0.3120273471581392
2021-05-24,4165.93994140625,4197.0498046875,0.7467669654101838
2021-05-31,4205.93994140625,4204.10986328125,-0.04351175124930329
2021-06-07,4216.52001953125,4226.52001953125,0.2371623982259985
2021-06-14,4233.81005859375,4255.14990234375,0.5040340368289487
2021-06-21,4255.27978515625,4224.7900390625,-0.7165156613228585
2021-06-28,4224.60986328125,4290.60986328125,1.562274438017286
2021-07-05,4293.2099609375,4352.33984375,1.377288400765475
2021-07-12,4356.4599609375,4384.6298828125,0.6466241427119268
2021-07-19,4381.06982421875,4258.490234375,-2.7979373705966593
2021-07-26,4265.10986328125,4422.2998046875,3.6854839956061536
2021-08-02,4416.3798828125,4387.16015625,-0.6616216751692106
2021-08-09,4392.740234375,4432.35009765625,0.9017119421559805
2021-08-16,4435.7900390625,4479.7099609375,0.9901262568388525
2021-08-23,4462.1201171875,4479.52978515625,0.39016582950535117
2021-08-30,4484.39990234375,4528.7900390625,0.9898790849484529
2021-09-06,4529.75,4535.43017578125,0.1253971142171295
2021-09-13,4535.3798828125,4468.72998046875,-1.4695550111762379
2021-09-20,4479.330078125,4357.72998046875,-2.7146938389311703
2021-09-27,4374.4501953125,4443.10986328125,1.5695610854667752
2021-10-04,4419.5400390625,4300.4599609375,-2.69439980342977
2021-10-11,4309.8701171875,4361.18994140625,1.1907510626385065
2021-10-18,4368.31005859375,4486.4599609375,2.704705040598343
2021-10-25,4497.33984375,4566.47998046875,1.5373562844007704
2021-11-01,4578.68994140625,4613.669921875,0.7639735582970486
2021-11-08,4613.33984375,4701.7001953125,1.9153228367124964
2021-11-15,4707.25,4682.7998046875,-0.5194156952042062
2021-11-22,4679.419921875,4682.93994140625,0.07522341636396757
2021-11-29,4678.47998046875,4655.27001953125,-0.4961004649885137
2021-12-06,4640.25,4591.669921875,-1.0469280345886567
2021-12-13,4631.97021484375,4668.97021484375,0.798796155498338
2021-12-20,4642.990234375,4568.02001953125,-1.6146968022611397
2021-12-27,4594.9599609375,4791.18994140625,4.270548212322467
2022-01-03,4795.490234375,4796.56005859375,0.02230896459931575
2022-01-10,4804.509765625,4670.2900390625,-2.7936196013754966
2022-01-17,4669.14013671875,4662.85009765625,-0.13471514836391751
2022-01-24,4632.240234375,4410.1298828125,-4.794879805979402
2022-01-31,4366.64013671875,4515.5498046875,3.4101657866554946
2022-02-07,4519.56982421875,4483.8701171875,-0.7898917025232821
2022-02-14,4480.02001953125,4401.669921875,-1.7488782932815528
2022-02-21,4429.27978515625,4348.8701171875,-1.8154118021224352
2022-02-28,4332.740234375,4373.93994140625,0.9508926176644561
2022-03-07,4363.14013671875,4201.08984375,-3.7140749068540813
2022-03-14,4202.66015625,4173.10986328125,-0.7031330602548014
2022-03-21,4188.81982421875,4461.18017578125,6.502078461044758
2022-03-28,4469.10009765625,4575.52001953125,2.3812382705594493
2022-04-04,4602.85986328125,4582.64013671875,-0.4392861647559698
2022-04-11,4572.4501953125,4412.52978515625,-3.497477355143075
2022-04-18,4437.58984375,4391.68994140625,-1.0343430546740695
2022-04-25,4390.6298828125,4296.1201171875,-2.152533193357209
2022-05-02,4278.14013671875,4155.3798828125,-2.8694771555661247
2022-05-09,4159.77978515625,3991.239990234375,-4.051651857227922
2022-05-16,4035.179931640625,4008.010009765625,-0.673326154850129
2022-05-23,4052.0,3973.75,-1.9311451135241908
2022-05-30,3942.93994140625,4158.240234375,5.460400010352751
2022-06-06,4151.08984375,4121.43017578125,-0.7145031566446636
2022-06-13,4096.47021484375,3749.6298828125,-8.4668095663056
2022-06-20,3763.52001953125,3674.840087890625,-2.356302907395458
2022-06-27,3715.31005859375,3900.110107421875,4.974014171459817
2022-07-04,3913.0,3825.330078125,-2.2404784532328192
2022-07-11,3792.610107421875,3854.429931640625,1.6300073687451455
2022-07-18,3851.949951171875,3830.85009765625,-0.547770707903561
2022-07-25,3860.72998046875,3966.840087890625,2.7484467434573556
2022-08-01,3953.219970703125,4118.6298828125,4.184181839999024
2022-08-08,4104.2099609375,4140.06005859375,0.8734957031306667
2022-08-15,4133.10986328125,4297.14013671875,3.9686889258558677
2022-08-22,4290.4599609375,4137.990234375,-3.5536918640579507
2022-08-29,4133.08984375,4030.610107421875,-2.479494523524417
2022-09-05,4041.25,3924.260009765625,-2.8948961394215877
2022-09-12,3930.889892578125,4110.41015625,4.566911528374917
2022-09-19,4037.1201171875,3899.889892578125,-3.3992108390616282
2022-09-26,3875.22998046875,3655.0400390625,-5.681983843952809
2022-10-03,3686.43994140625,3678.429931640625,-0.21728306694098753
2022-10-10,3726.4599609375,3612.389892578125,-3.0610839658848032
2022-10-17,3595.860107421875,3677.949951171875,2.282898702887981
2022-10-24,3746.260009765625,3797.340087890625,1.3634952724009164
2022-10-31,3799.43994140625,3871.97998046875,1.9092297859997664
2022-11-07,3901.7900390625,3806.800048828125,-2.434523367054331
2022-11-14,3817.02001953125,3957.25,3.6738078331056467
2022-11-21,4006.409912109375,3949.93994140625,-1.409490589878093
2022-11-28,3965.510009765625,3963.93994140625,-0.039593100395873826
2022-12-05,3964.18994140625,3998.840087890625,0.8740788659607812
2022-12-12,3996.6298828125,3990.56005859375,-0.15187356339533276
2022-12-19,4069.3798828125,3817.659912109375,-6.185708337682938
2022-12-26,3810.469970703125,3844.820068359375,0.901466168749554
2023-01-02,3843.340087890625,3839.5,-0.0999153809657427
2023-01-09,3853.2900390625,3892.090087890625,1.006932995824128
2023-01-16,3888.570068359375,3999.090087890625,2.842176367877025
2023-01-23,3999.280029296875,4019.81005859375,0.5133431304255032
2023-01-30,4001.739990234375,4017.77001953125,0.40057648262989964
2023-02-06,4020.85009765625,4136.47998046875,2.8757571161357243
